strategy,num_clients,alpha,best_accuracy,final_accuracy,convergence_round,fl_rounds_actual,fl_rounds_target,total_time_s,avg_time_per_round_s,model_size_kb,comm_per_round_kb,total_comm_mb,peak_gpu_memory_mb,current_gpu_memory_mb
fedavg,10,0.1,0.7439345220695703,0.7281496638409821,11,16,50,249.6,15.6,79.3,1585.94,24.78,0.2,0.2
fedbn,10,0.1,0.7547500730780473,0.7261034785150541,19,24,50,364.8,15.2,79.3,1585.94,37.17,0.2,0.1
fedprox,10,0.1,0.8067816427945045,0.8047354574685764,34,39,50,605.3,15.52,79.3,1585.94,60.402,0.2,0.2
fedavg,10,0.3,0.8807366267173341,0.8690441391406022,21,26,50,368.5,14.17,79.3,1585.94,40.268,0.2,0.2
fedbn,10,0.3,0.8658287050570008,0.8421514177141187,19,24,50,376.6,15.69,79.3,1585.94,37.17,0.2,0.2
fedprox,10,0.3,0.8745980707395499,0.8734288219818767,17,22,50,354.9,16.13,79.3,1585.94,34.073,0.2,0.2
fedavg,10,1.0,0.9026600409237066,0.9009061677871967,28,29,50,429.9,14.82,79.3,1585.94,44.914,0.2,0.2
fedbn,10,1.0,0.9117217187956738,0.9114294066062555,40,42,50,583.6,13.89,79.3,1585.94,65.048,0.2,0.2
fedprox,10,1.0,0.9123063431745104,0.9105524700380005,37,42,50,604.3,14.39,79.3,1585.94,65.048,0.2,0.2
fedavg,3,0.1,0.7679041216018708,0.766150248465361,16,21,50,311.3,14.82,79.3,475.78,9.757,0.1,0.1
fedbn,3,0.1,0.7942122186495176,0.7933352820812628,16,21,50,309.2,14.72,79.3,475.78,9.757,0.2,0.2
fedprox,3,0.1,0.769073370359544,0.7614732534346682,9,14,50,352.0,25.14,79.3,475.78,6.505,0.2,0.2
fedavg,3,0.3,0.9210757088570594,0.9178602747734581,27,32,50,523.1,16.35,79.3,475.78,14.868,0.1,0.1
fedbn,3,0.3,0.926629640456007,0.926629640456007,28,33,50,551.0,16.7,79.3,475.78,15.333,0.1,0.1
fedprox,3,0.3,0.926629640456007,0.9231218941829874,36,37,50,611.0,16.51,79.3,475.78,17.191,0.1,0.1
fedavg,3,1.0,0.8883367436422098,0.8640748319204911,9,14,50,194.6,13.9,79.3,475.78,6.505,0.1,0.1
fedbn,3,1.0,0.9125986553639287,0.8962291727565039,15,18,50,263.4,14.63,79.3,475.78,8.363,0.1,0.1
fedprox,3,1.0,0.932475884244373,0.9318912598655364,31,32,50,421.7,13.18,79.3,475.78,14.868,0.1,0.1
fedavg,5,0.1,0.8900906167787197,0.8848289973691903,30,31,50,429.5,13.86,79.3,792.97,24.006,0.2,0.2
fedbn,5,0.1,0.8854136217480268,0.8851213095586086,26,31,50,426.5,13.76,79.3,792.97,24.006,0.2,0.2
fedprox,5,0.1,0.8564747149956153,0.8561824028061971,16,21,50,296.6,14.13,79.3,792.97,16.262,0.2,0.2
fedavg,5,0.3,0.8973984215141771,0.8968137971353406,24,25,50,538.3,21.53,79.3,792.97,19.36,0.2,0.2
fedbn,5,0.3,0.9207833966676411,0.9143525285004385,32,37,50,527.6,14.26,79.3,792.97,28.652,0.2,0.2
fedprox,5,0.3,0.9079216603332358,0.9064600993861444,19,24,50,372.9,15.54,79.3,792.97,18.585,0.2,0.2
fedavg,5,1.0,0.9163987138263665,0.9163987138263665,28,28,50,359.3,12.83,79.3,792.97,21.683,0.2,0.2
fedbn,5,1.0,0.912890967553347,0.9105524700380005,21,26,50,333.2,12.81,79.3,792.97,20.134,0.2,0.2
fedprox,5,1.0,0.9152294650686934,0.9146448406898567,27,32,50,393.6,12.3,79.3,792.97,24.78,0.2,0.2
